{
    "abhisit": {
        "left": {
            "กระบี่": 3267.51,
            "กรุงเทพมหานคร": 10631.42,
            "จันทบุรี": 3738.55,
            "ชลบุรี": 4769.18,
            "ชัยนาท": 3738.09,
            "ชุมพร": 3499.22,
            "ตรัง": 3009.16,
            "ตราด": 5907.94,
            "ตาก": 3601.27,
            "นครนายก": 3749.42,
            "นครศรีธรรมราช": 3510.24,
            "นครสวรรค์": 2790.68,
            "นราธิวาส": 4699.8,
            "ประจวบคีรีขันธ์": 3294.65,
            "ปัตตานี": 3853.72,
            "พังงา": 4014.66,
            "พัทลุง": 3576.38,
            "พิจิตร": 2923.38,
            "พิษณุโลก": 5578.99,
            "ภูเก็ต": 3759.67,
            "มุกดาหาร": 3684.83,
            "ยะลา": 5688.59,
            "ยโสธร": 2517.77,
            "ระนอง": 5100.28,
            "ระยอง": 3353.15,
            "สงขลา": 6549.71,
            "สตูล": 4177.09,
            "สมุทรสงคราม": 4354.7,
            "สมุทรสาคร": 3110.48,
            "สิงห์บุรี": 4540.51,
            "สุพรรณบุรี": 2935.41,
            "สุราษฎร์ธานี": 3557.91,
            "สุโขทัย": 3016.21,
            "อำนาจเจริญ": 2797.7,
            "อุทัยธานี": 3844.39,
            "อ่างทอง": 4615.65,
            "เพชรบุรี": 4534.56,
            "แม่ฮ่องสอน": 4718.21
        },
        "right": {
            "กาญจนบุรี": 2806.74,
            "กาฬสินธุ์": 2726.17,
            "กำแพงเพชร": 2612.54,
            "ขอนแก่น": 4363.4,
            "ฉะเชิงเทรา": 3274.64,
            "ชัยภูมิ": 2002.45,
            "นครปฐม": 3155.88,
            "นครพนม": 4645.83,
            "นครราชสีมา": 3057.56,
            "นนทบุรี": 2965.01,
            "น่าน": 3192.49,
            "บุรีรัมย์": 1998.75,
            "ปทุมธานี": 4592.48,
            "ปราจีนบุรี": 3882.48,
            "พระนครศรีอยุธยา": 5049.9,
            "พะเยา": 3344.74,
            "มหาสารคาม": 3292.1,
            "ราชบุรี": 2522.02,
            "ร้อยเอ็ด": 2217.36,
            "ลพบุรี": 3727.56,
            "ลำปาง": 4003.71,
            "ลำพูน": 2850.23,
            "ศรีสะเกษ": 1993.55,
            "สกลนคร": 2287.74,
            "สมุทรปราการ": 2160.12,
            "สระบุรี": 3054.16,
            "สระแก้ว": 2796.53,
            "สุรินทร์": 2034.04,
            "หนองคาย": 2358.51,
            "หนองบัวลำภู": 1913.59,
            "อุดรธานี": 2044.41,
            "อุตรดิตถ์": 4227.09,
            "อุบลราชธานี": 3099.37,
            "เชียงราย": 4225.12,
            "เชียงใหม่": 6535.69,
            "เพชรบูรณ์": 3096.9,
            "เลย": 3101.69,
            "แพร่": 2933.64
        }
    },
    "yingluck": {
        "left": {
            "กาฬสินธุ์": 3184.83,
            "กำแพงเพชร": 3913.92,
            "ขอนแก่น": 5600.34,
            "ฉะเชิงเทรา": 4017.61,
            "ชัยภูมิ": 3183.97,
            "นครปฐม": 5806.21,
            "นครพนม": 5909.7,
            "นครราชสีมา": 4232.45,
            "นครสวรรค์": 4116.59,
            "นนทบุรี": 4685.27,
            "น่าน": 5149.36,
            "บึงกาฬ": 4063.9,
            "ปทุมธานี": 6508.07,
            "พระนครศรีอยุธยา": 6061.79,
            "พะเยา": 5027.39,
            "พิจิตร": 3714.66,
            "มหาสารคาม": 4211.69,
            "มุกดาหาร": 4718.91,
            "ยโสธร": 3292.73,
            "ร้อยเอ็ด": 2966.55,
            "ลพบุรี": 4524.2,
            "ลำปาง": 4980.31,
            "ลำพูน": 4078.19,
            "ศรีสะเกษ": 2911.78,
            "สกลนคร": 3303.01,
            "สตูล": 4806.04,
            "สมุทรปราการ": 2550.79,
            "สระบุรี": 4255.21,
            "สระแก้ว": 4010.34,
            "สิงห์บุรี": 7146.59,
            "สุพรรณบุรี": 4517.46,
            "สุรินทร์": 3080.77,
            "หนองคาย": 5246.77,
            "หนองบัวลำภู": 3050.39,
            "อำนาจเจริญ": 3789.46,
            "อุดรธานี": 2812.42,
            "อุตรดิตถ์": 6722.03,
            "อุทัยธานี": 5104.89,
            "อุบลราชธานี": 4067.46,
            "อ่างทอง": 5239.87,
            "เชียงราย": 5693.85,
            "เชียงใหม่": 10413.34,
            "เพชรบูรณ์": 3766.7,
            "เลย": 4926.88,
            "แพร่": 4918.48
        },
        "right": {
            "กระบี่": 5506.66,
            "กรุงเทพมหานคร": 20152.51,
            "กาญจนบุรี": 3487.9,
            "จันทบุรี": 8134.27,
            "ชลบุรี": 6963.35,
            "ชัยนาท": 4935.0,
            "ชุมพร": 4104.41,
            "ตรัง": 4269.61,
            "ตราด": 5841.13,
            "ตาก": 4829.57,
            "นครนายก": 5037.31,
            "นครศรีธรรมราช": 3502.04,
            "นราธิวาส": 4831.2,
            "บุรีรัมย์": 2721.32,
            "ประจวบคีรีขันธ์": 4702.13,
            "ปราจีนบุรี": 6195.27,
            "ปัตตานี": 4819.84,
            "พังงา": 5422.08,
            "พัทลุง": 4373.6,
            "พิษณุโลก": 7535.07,
            "ภูเก็ต": 5240.98,
            "ยะลา": 13624.14,
            "ระนอง": 6278.3,
            "ระยอง": 3566.27,
            "ราชบุรี": 3358.47,
            "สงขลา": 8129.01,
            "สมุทรสงคราม": 5033.27,
            "สมุทรสาคร": 3384.94,
            "สุราษฎร์ธานี": 4949.32,
            "สุโขทัย": 4751.51,
            "เพชรบุรี": 4754.91,
            "แม่ฮ่องสอน": 5644.29
        }
    }
}
