{
  "Mae Hong Son": "แม่ฮ่องสอน",
  "Chumphon": "ชุมพร",
  "Nakhon Si Thammarat": "นครศรีธรรมราช",
  "Phuket": "ภูเก็ต",
  "Phangnga": "พังงา",
  "Ranong": "ระนอง",
  "Surat Thani": "สุราษฎร์ธานี",
  "Krabi": "กระบี่",
  "Phatthalung": "พัทลุง",
  "Satun": "สตูล",
  "Songkhla": "สงขลา",
  "Trang": "ตรัง",
  "Yala": "ยะลา",
  "Chiang Rai": "เชียงราย",
  "Chiang Mai": "เชียงใหม่",
  "Lampang": "ลำปาง",
  "Lamphun": "ลำพูน",
  "Nan": "น่าน",
  "Phayao": "พะเยา",
  "Phrae": "แพร่",
  "Phitsanulok": "พิษณุโลก",
  "Sukhothai": "สุโขทัย",
  "Uttaradit": "อุตรดิตถ์",
  "Kanchanaburi": "กาญจนบุรี",
  "Kamphaeng Phet": "กำแพงเพชร",
  "Phichit": "พิจิตร",
  "Phetchabun": "เพชรบูรณ์",
  "Suphan Buri": "สุพรรณบุรี",
  "Tak": "ตาก",
  "Uthai Thani": "อุทัยธานี",
  "Ang Thong": "อ่างทอง",
  "Chai Nat": "ชัยนาท",
  "Lop Buri": "ลพบุรี",
  "Nakhon Nayok": "นครนายก",
  "Prachin Buri": "ปราจีนบุรี",
  "Nakhon Sawan": "นครสวรรค์",
  "Phra Nakhon Si Ayutthaya": "พระนครศรีอยุธยา",
  "Pathum Thani": "ปทุมธานี",
  "Sing Buri": "สิงห์บุรี",
  "Saraburi": "สระบุรี",
  "Bangkok Metropolis": "กรุงเทพมหานคร",
  "Nonthaburi": "นนทบุรี",
  "Nakhon Pathom": "นครปฐม",
  "Phetchaburi": "เพชรบุรี",
  "Prachuap Khiri Khan": "ประจวบคีรีขันธุ์",
  "Ratchaburi": "ราชบุรี",
  "Samut Prakan": "สมุทรปราการ",
  "Samut Sakhon": "สมุทรสาคร",
  "Samut Songkhram": "สมุทรสงคราม",
  "Si Sa Ket": "ศรีสะเกษ",
  "Ubon Ratchathani": "อุบลราชธานี",
  "Amnat Charoen": "อำนาจเจริญ",
  "Yasothon": "ยโสธร",
  "Chon Buri": "ชลบุรี",
  "Chachoengsao": "ฉะเชิงเทรา",
  "Chanthaburi": "จันทบุรี",
  "Sa Kaeo": "สระแก้ว",
  "Rayong": "ระยอง",
  "Trat": "ตราด",
  "Buri Ram": "บุรีรัมย์",
  "Chaiyaphum": "ชัยภูมิ",
  "Khon Kaen": "ขอนแก่น",
  "Kalasin": "กาฬสินธุ์",
  "Maha Sarakham": "มหาสารคาม",
  "Nakhon Ratchasima": "นครราชสีมา",
  "Roi Et": "ร้อยเอ็ด",
  "Surin": "สุรินทร์",
  "Loei": "เลย",
  "Nong Khai": "หนองคาย",
  "Sakon Nakhon": "สกลนคร",
  "Udon Thani": "อุดรธานี",
  "Nong Bua Lam Phu": "หนองบัวลำภู",
  "Nakhon Phanom": "นครพนม",
  "Mukdahan": "มุกดาหาร",
  "Narathiwat": "นราธิวาส",
  "Pattani": "ปัตตานี",
  "Bueng Kan": "บึงกาฬ"
}