{
  "Mae Hong Son": {
    "yingluck":"#ffffff",
    "abhisit":"#4286f4"
  },
  "Chumphon": {
    "yingluck":"#ffffff",
    "abhisit":"#4286f4"
  },
  "Nakhon Si Thammarat": {
    "yingluck":"#ffffff",
    "abhisit":"#4286f4"
  },
  "Phuket": {
    "yingluck":"#ffffff",
    "abhisit":"#4286f4"
  },
  "Phangnga": {
    "yingluck":"#ffffff",
    "abhisit":"#4286f4"
  },
  "Ranong": {
    "yingluck":"#ffffff",
    "abhisit":"#4286f4"
  },
  "Surat Thani": {
    "yingluck":"#ffffff",
    "abhisit":"#4286f4"
  },
  "Krabi": {
    "yingluck":"#ffffff",
    "abhisit":"#4286f4"
  },
  "Phatthalung": {
    "yingluck":"#ffffff",
    "abhisit":"#4286f4"
  },
  "Satun": {
    "yingluck":"#f44242",
    "abhisit":"#4286f4"
  },
  "Songkhla": {
    "yingluck":"#ffffff",
    "abhisit":"#4286f4"
  },
  "Trang": {
    "yingluck":"#ffffff",
    "abhisit":"#4286f4"
  },
  "Yala": {
    "yingluck":"#ffffff",
    "abhisit":"#4286f4"
  },
  "Chiang Rai": {
    "yingluck":"#f44242",
    "abhisit":"#ffffff"
  },
  "Chiang Mai": {
    "yingluck":"#f44242",
    "abhisit":"#ffffff"
  },
  "Lampang": {
    "yingluck":"#f44242",
    "abhisit":"#ffffff"
  },
  "Lamphun": {
    "yingluck":"#f44242",
    "abhisit":"#ffffff"
  },
  "Nan": {
    "yingluck":"#f44242",
    "abhisit":"#ffffff"
  },
  "Phayao": {
    "yingluck":"#f44242",
    "abhisit":"#ffffff"
  },
  "Phrae": {
    "yingluck":"#f44242",
    "abhisit":"#ffffff"
  },
  "Phitsanulok": {
    "yingluck":"#ffffff",
    "abhisit":"#4286f4"
  },
  "Sukhothai": {
    "yingluck":"#ffffff",
    "abhisit":"#4286f4"
  },
  "Uttaradit": {
    "yingluck":"#f44242",
    "abhisit":"#ffffff"
  },
  "Kanchanaburi": {
    "yingluck":"#ffffff",
    "abhisit":"#ffffff"
  },
  "Kamphaeng Phet": {
    "yingluck":"#f44242",
    "abhisit":"#4286f4"
  },
  "Phichit": {
    "yingluck":"#f44242",
    "abhisit":"#4286f4"
  },
  "Phetchabun": {
    "yingluck":"#f44242",
    "abhisit":"#ffffff"
  },
  "Suphan Buri": {
    "yingluck":"#f44242",
    "abhisit":"#4286f4"
  },
  "Tak": {
    "yingluck":"#ffffff",
    "abhisit":"#4286f4"
  },
  "Uthai Thani": {
    "yingluck":"#ffffff",
    "abhisit":"#4286f4"
  },
  "Ang Thong": {
    "yingluck":"#ffffff",
    "abhisit":"#4286f4"
  },
  "Chai Nat": {
    "yingluck":"#ffffff",
    "abhisit":"#ffffff"
  },
  "Lop Buri": {
    "yingluck":"#f44242",
    "abhisit":"#ffffff"
  },
  "Nakhon Nayok": {
    "yingluck":"#ffffff",
    "abhisit":"#4286f4"
  },
  "Prachin Buri": {
    "yingluck":"#ffffff",
    "abhisit":"#ffffff"
  },
  "Nakhon Sawan": {
    "yingluck":"#f44242",
    "abhisit":"#ffffff"
  },
  "Phra Nakhon Si Ayutthaya": {
    "yingluck":"#f44242",
    "abhisit":"#ffffff"
  },
  "Pathum Thani": {
    "yingluck":"#f44242",
    "abhisit":"#ffffff"
  },
  "Sing Buri": {
    "yingluck":"#f44242",
    "abhisit":"#4286f4"
  },
  "Saraburi": {
    "yingluck":"#f44242",
    "abhisit":"#ffffff"
  },
  "Bangkok Metropolis": {
    "yingluck":"#ffffff",
    "abhisit":"#4286f4"
  },
  "Nonthaburi": {
    "yingluck":"#f44242",
    "abhisit":"#ffffff"
  },
  "Nakhon Pathom": {
    "yingluck":"#f44242",
    "abhisit":"#ffffff"
  },
  "Phetchaburi": {
    "yingluck":"#ffffff",
    "abhisit":"#4286f4"
  },
  "Prachuap Khiri Khan": {
    "yingluck":"#ffffff",
    "abhisit":"#4286f4"
  },
  "Ratchaburi": {
    "yingluck":"#ffffff",
    "abhisit":"#4286f4"
  },
  "Samut Prakan": {
    "yingluck":"#f44242",
    "abhisit":"#ffffff"
  },
  "Samut Sakhon": {
    "yingluck":"#ffffff",
    "abhisit":"#4286f4"
  },
  "Samut Songkhram": {
    "yingluck":"#ffffff",
    "abhisit":"#4286f4"
  },
  "Si Sa Ket": {
    "yingluck":"#f44242",
    "abhisit":"#ffffff"
  },
  "Ubon Ratchathani": {
    "yingluck":"#f44242",
    "abhisit":"#ffffff"
  },
  "Amnat Charoen": {
    "yingluck":"#f44242",
    "abhisit":"#4286f4"
  },
  "Yasothon": {
    "yingluck":"#f44242",
    "abhisit":"#4286f4"
  },
  "Chon Buri": {
    "yingluck":"#f44242",
    "abhisit":"#4286f4"
  },
  "Chachoengsao": {
    "yingluck":"#f44242",
    "abhisit":"#ffffff"
  },
  "Chanthaburi": {
    "yingluck":"#ffffff",
    "abhisit":"#4286f4"
  },
  "Sa Kaeo": {
    "yingluck":"#f44242",
    "abhisit":"#ffffff"
  },
  "Rayong": {
    "yingluck":"#ffffff",
    "abhisit":"#4286f4"
  },
  "Trat": {
    "yingluck":"#ffffff",
    "abhisit":"#4286f4"
  },
  "Buri Ram": {
    "yingluck":"#ffffff",
    "abhisit":"#ffffff"
  },
  "Chaiyaphum": {
    "yingluck":"#f44242",
    "abhisit":"#ffffff"
  },
  "Khon Kaen": {
    "yingluck":"#f44242",
    "abhisit":"#ffffff"
  },
  "Kalasin": {
    "yingluck":"#f44242",
    "abhisit":"#ffffff"
  },
  "Maha Sarakham": {
    "yingluck":"#f44242",
    "abhisit":"#ffffff"
  },
  "Nakhon Ratchasima": {
    "yingluck":"#f44242",
    "abhisit":"#4286f4"
  },
  "Roi Et": {
    "yingluck":"#f44242",
    "abhisit":"#ffffff"
  },
  "Surin": {
    "yingluck":"#f44242",
    "abhisit":"#ffffff"
  },
  "Loei": {
    "yingluck":"#f44242",
    "abhisit":"#ffffff"
  },
  "Nong Khai": {
    "yingluck":"#f44242",
    "abhisit":"#ffffff"
  },
  "Sakon Nakhon": {
    "yingluck":"#f44242",
    "abhisit":"#ffffff"
  },
  "Udon Thani": {
    "yingluck":"#f44242",
    "abhisit":"#ffffff"
  },
  "Nong Bua Lam Phu": {
    "yingluck":"#f44242",
    "abhisit":"#ffffff"
  },
  "Nakhon Phanom": {
    "yingluck":"#f44242",
    "abhisit":"#ffffff"
  },
  "Mukdahan": {
    "yingluck":"#f44242",
    "abhisit":"#4286f4"
  },
  "Narathiwat": {
    "yingluck":"#ffffff",
    "abhisit":"#ffffff"
  },
  "Pattani": {
    "yingluck":"#ffffff",
    "abhisit":"#4286f4"
  },
  "Bueng Kan": {
    "yingluck":"#f44242",
    "abhisit":"#ffffff"
  }
}